{
    "Stacking": {
        "accuracy": 0.8928888888888888,
        "f1": 0.7788990825688074,
        "roc_auc": 0.9185887060172224
    },
    "RandomForest": {
        "accuracy": 0.8642222222222222,
        "f1": 0.6748270356572645,
        "roc_auc": 0.9154799896784089
    },
    "GradientBoosting": {
        "accuracy": 0.8455555555555555,
        "f1": 0.6233062330623306,
        "roc_auc": 0.8794887956681956
    },
    "DecisionTree": {
        "accuracy": 0.8322222222222222,
        "f1": 0.6535107847636531,
        "roc_auc": 0.8397019691596572
    },
    "LogisticRegression": {
        "accuracy": 0.8162222222222222,
        "f1": 0.5717244950802693,
        "roc_auc": 0.8008904412072182
    },
    "Dummy": {
        "accuracy": 0.7373333333333333,
        "f1": 0.0,
        "roc_auc": 0.5
    }
}