{
    "Stacking": {
        "accuracy": 0.9146666666666666,
        "f1": 0.8268710550045085,
        "roc_auc": 0.9317821369161086
    },
    "RandomForest": {
        "accuracy": 0.8924444444444445,
        "f1": 0.759682224428997,
        "roc_auc": 0.9291332770337462
    },
    "GradientBoosting": {
        "accuracy": 0.8446666666666667,
        "f1": 0.6223662884927067,
        "roc_auc": 0.8800163493185404
    },
    "DecisionTree": {
        "accuracy": 0.8322222222222222,
        "f1": 0.6535107847636531,
        "roc_auc": 0.8397019691596572
    },
    "LogisticRegression": {
        "accuracy": 0.8162222222222222,
        "f1": 0.5717244950802693,
        "roc_auc": 0.8008904412072182
    },
    "Dummy": {
        "accuracy": 0.7373333333333333,
        "f1": 0.0,
        "roc_auc": 0.5
    }
}